t,x,y,yaw,v,rx,ry,ryaw,rv,dist,gap_s
1790569079.407,5.847,1.197,0.000,0.000,,,,,,
1790569079.507,5.847,1.197,0.000,0.000,,,,,,
1790569079.607,5.847,1.197,0.000,0.000,,,,,,
1790569079.707,5.847,1.197,0.000,0.000,,,,,,
1790569079.807,5.847,1.197,0.000,0.000,,,,,,
1790569079.907,5.847,1.197,0.000,0.000,,,,,,
1790569080.007,5.847,1.197,0.000,0.000,,,,,,
1790569080.107,5.847,1.197,0.000,0.000,,,,,,
1790569080.207,5.847,1.197,0.000,0.000,,,,,,
1790569080.307,5.847,1.197,0.000,0.000,,,,,,
1790569080.407,5.847,1.197,0.000,0.000,,,,,,
1790569080.507,5.847,1.197,0.000,0.000,,,,,,
1790569080.607,5.847,1.197,0.000,0.000,,,,,,
1790569080.707,5.847,1.197,0.000,0.000,,,,,,
1790569080.807,5.847,1.197,0.000,0.000,,,,,,
1790569080.908,5.847,1.197,0.000,0.000,,,,,,
1790569081.010,5.847,1.197,0.000,0.000,,,,,,
1790569081.111,5.847,1.197,0.000,0.000,,,,,,
1790569081.211,5.847,1.197,0.000,0.000,,,,,,
1790569081.307,5.847,1.197,0.000,0.000,,,,,,
1790569081.413,5.847,1.197,0.000,0.000,,,,,,
1790569081.509,5.847,1.197,0.000,0.000,,,,,,
1790569081.608,5.847,1.197,0.000,0.000,,,,,,
1790569081.708,5.847,1.197,0.000,0.000,,,,,,
1790569081.810,5.847,1.197,0.000,0.000,,,,,,
1790569081.907,5.847,1.197,0.000,0.000,,,,,,
1790569082.014,5.847,1.197,0.000,0.000,,,,,,
1790569082.107,5.847,1.197,0.000,0.000,,,,,,
1790569082.207,5.847,1.197,0.000,0.000,,,,,,
1790569082.309,5.847,1.197,0.000,0.000,,,,,,
1790569082.407,5.847,1.197,0.000,0.000,,,,,,
1790569082.507,5.847,1.197,0.000,0.000,,,,,,
1790569082.607,5.847,1.197,0.000,0.000,,,,,,
1790569082.707,5.847,1.197,0.000,0.000,,,,,,
1790569082.807,5.847,1.197,0.000,0.000,,,,,,
1790569082.908,5.847,1.197,0.000,0.000,,,,,,
1790569083.007,5.847,1.197,0.000,0.000,,,,,,
1790569083.107,5.847,1.197,0.000,0.000,,,,,,
1790569083.207,5.847,1.197,0.000,0.000,,,,,,
1790569083.308,5.847,1.197,0.000,0.000,,,,,,
1790569083.408,5.847,1.197,0.000,0.000,,,,,,
1790569083.507,5.847,1.197,0.000,0.000,,,,,,
1790569083.607,5.847,1.197,0.000,0.000,,,,,,
1790569083.707,5.847,1.197,0.000,0.000,,,,,,
1790569083.807,5.847,1.197,0.000,0.000,,,,,,
1790569083.907,5.847,1.197,0.000,0.000,,,,,,
1790569084.007,5.847,1.197,0.000,0.000,,,,,,
1790569084.107,5.847,1.197,0.000,0.000,,,,,,
1790569084.208,5.847,1.197,0.000,0.000,,,,,,
1790569084.307,5.847,1.197,0.000,0.000,,,,,,
1790569084.407,5.847,1.197,0.000,0.000,,,,,,
1790569084.507,5.847,1.197,0.000,0.000,,,,,,
1790569084.607,5.847,1.197,0.000,0.000,,,,,,
1790569084.707,5.847,1.197,0.000,0.000,,,,,,
1790569084.807,5.847,1.197,0.000,0.000,,,,,,
1790569084.907,5.847,1.197,0.000,0.000,,,,,,
1790569085.007,5.847,1.197,0.000,0.000,,,,,,
1790569085.107,5.847,1.197,0.000,0.000,,,,,,
1790569085.207,5.847,1.197,0.000,0.000,,,,,,
1790569085.307,5.847,1.197,0.000,0.000,,,,,,
1790569085.408,5.847,1.197,0.000,0.000,,,,,,
1790569085.507,5.847,1.197,0.000,0.000,,,,,,
1790569085.607,5.847,1.197,0.000,0.000,,,,,,
1790569085.707,5.847,1.197,0.000,0.000,,,,,,
1790569085.807,5.847,1.197,0.000,0.000,,,,,,
1790569085.907,5.847,1.197,0.000,0.000,,,,,,
1790569086.007,5.847,1.197,0.000,0.000,,,,,,
1790569086.107,5.847,1.197,0.000,0.000,,,,,,
1790569086.207,5.847,1.197,0.000,0.000,,,,,,
1790569086.307,5.847,1.197,0.000,0.000,,,,,,
1790569086.407,5.847,1.197,0.000,0.000,,,,,,
1790569086.507,5.847,1.197,0.000,0.000,,,,,,
1790569086.607,5.847,1.197,0.000,0.000,,,,,,
1790569086.707,5.847,1.197,0.000,0.000,,,,,,
1790569086.808,5.847,1.197,0.000,0.000,,,,,,
1790569086.907,5.847,1.197,0.000,0.000,,,,,,
1790569087.007,5.847,1.197,0.000,0.000,,,,,,
1790569087.107,5.847,1.197,0.000,0.000,,,,,,
1790569087.207,5.847,1.197,0.000,0.000,,,,,,
1790569087.307,5.847,1.197,0.000,0.000,,,,,,
1790569087.407,5.847,1.197,0.000,0.000,,,,,,
1790569087.507,5.847,1.197,0.000,0.000,,,,,,
1790569087.608,5.847,1.197,0.000,0.000,,,,,,
1790569087.707,5.847,1.197,0.000,0.000,,,,,,
1790569087.807,5.847,1.197,0.000,0.000,,,,,,
1790569087.907,5.847,1.197,0.000,0.000,,,,,,
1790569088.007,5.847,1.197,0.000,0.000,,,,,,
1790569088.107,5.847,1.197,0.000,0.000,,,,,,
1790569088.207,5.847,1.197,0.000,0.000,,,,,,
1790569088.307,5.847,1.197,0.000,0.000,,,,,,
1790569088.407,5.847,1.197,0.000,0.000,,,,,,
1790569088.507,5.847,1.197,0.000,0.000,,,,,,
1790569088.608,5.847,1.197,0.000,0.000,,,,,,
1790569088.707,5.847,1.197,0.000,0.000,,,,,,
1790569088.807,5.847,1.197,0.000,0.000,,,,,,
1790569088.907,5.847,1.197,0.000,0.000,,,,,,
1790569089.007,5.847,1.197,0.000,0.000,,,,,,
1790569089.107,5.847,1.197,0.000,0.000,,,,,,
1790569089.207,5.847,1.197,0.000,0.000,,,,,,
1790569089.307,5.847,1.197,0.000,0.000,,,,,,
1790569089.407,5.847,1.197,0.000,0.000,,,,,,
1790569089.507,5.847,1.197,0.000,0.000,,,,,,
1790569089.607,5.847,1.197,0.000,0.000,,,,,,
1790569089.707,5.847,1.197,0.000,0.000,,,,,,
1790569089.807,5.847,1.197,0.000,0.000,,,,,,
1790569089.907,5.847,1.197,0.000,0.000,,,,,,
1790569090.007,5.847,1.197,0.000,0.000,,,,,,
1790569090.107,5.847,1.197,0.000,0.000,,,,,,
1790569090.207,5.847,1.197,0.000,0.000,,,,,,
1790569090.307,5.847,1.197,0.000,0.000,,,,,,
1790569090.407,5.847,1.197,0.000,0.000,,,,,,
1790569090.507,5.847,1.197,0.000,0.000,,,,,,
1790569090.608,5.847,1.197,0.000,0.000,,,,,,
1790569090.707,5.847,1.197,0.000,0.000,,,,,,
1790569090.808,5.847,1.197,0.000,0.000,,,,,,
1790569090.907,5.847,1.197,0.000,0.000,,,,,,
1790569091.007,5.847,1.197,0.000,0.000,,,,,,
1790569091.107,5.847,1.197,0.000,0.000,,,,,,
1790569091.208,5.847,1.197,0.000,0.000,,,,,,
1790569091.307,5.847,1.197,0.000,0.000,,,,,,
1790569091.407,5.847,1.197,0.000,0.000,,,,,,
1790569091.507,5.847,1.197,0.000,0.000,,,,,,
1790569091.608,5.847,1.197,0.000,0.000,,,,,,
1790569091.707,5.847,1.197,0.000,0.000,,,,,,
1790569091.807,5.847,1.197,0.000,0.000,,,,,,
1790569091.907,5.847,1.197,0.000,0.000,,,,,,
1790569092.007,5.847,1.197,0.000,0.000,,,,,,
1790569092.107,5.847,1.197,0.000,0.000,,,,,,
1790569092.207,5.847,1.197,0.000,0.000,,,,,,
1790569092.307,5.847,1.197,0.000,0.000,,,,,,
1790569092.408,5.847,1.197,0.000,0.000,,,,,,
1790569092.507,5.847,1.197,0.000,0.000,,,,,,
1790569092.607,5.847,1.197,0.000,0.000,,,,,,
1790569092.707,5.847,1.197,0.000,0.000,,,,,,
1790569092.807,5.847,1.197,0.000,0.000,,,,,,
1790569092.907,5.847,1.197,0.000,0.000,,,,,,
1790569093.007,5.847,1.197,0.000,0.000,,,,,,
1790569093.107,5.847,1.197,0.000,0.000,,,,,,
1790569093.207,5.847,1.197,0.000,0.000,,,,,,
1790569093.307,5.847,1.197,0.000,0.000,,,,,,
1790569093.407,5.847,1.197,0.000,0.000,,,,,,
1790569093.507,5.847,1.197,0.000,0.000,,,,,,
1790569093.607,5.847,1.197,0.000,0.000,,,,,,
1790569093.707,5.847,1.197,0.000,0.000,,,,,,
1790569093.807,5.847,1.197,0.000,0.000,,,,,,
1790569093.907,5.847,1.197,0.000,0.000,,,,,,
1790569094.007,5.847,1.197,0.000,0.000,,,,,,
1790569094.108,5.847,1.197,0.000,0.000,,,,,,
1790569094.207,5.847,1.197,0.000,0.000,,,,,,
1790569094.307,5.847,1.197,0.000,0.000,,,,,,
1790569094.407,5.847,1.197,0.000,0.000,,,,,,
1790569094.507,5.847,1.197,0.000,0.000,,,,,,
1790569094.607,5.847,1.197,0.000,0.000,,,,,,
1790569094.707,5.847,1.197,0.000,0.000,,,,,,
1790569094.807,5.847,1.197,0.000,0.000,,,,,,
1790569094.907,5.847,1.197,0.000,0.000,,,,,,
1790569095.008,5.847,1.197,0.000,0.000,,,,,,
1790569095.107,5.847,1.197,0.000,0.000,,,,,,
1790569095.207,5.847,1.197,0.000,0.000,,,,,,
1790569095.307,5.847,1.197,0.000,0.000,,,,,,
1790569095.407,5.847,1.197,0.000,0.000,,,,,,
1790569095.507,5.847,1.197,0.000,0.000,,,,,,
1790569095.607,5.847,1.197,0.000,0.000,,,,,,
1790569095.707,5.847,1.197,0.000,0.000,,,,,,
1790569095.807,5.847,1.197,0.000,0.000,,,,,,
1790569095.908,5.847,1.197,0.000,0.000,,,,,,
1790569096.007,5.847,1.197,0.000,0.000,,,,,,
1790569096.107,5.847,1.197,0.000,0.000,,,,,,
1790569096.207,5.847,1.197,0.000,0.000,,,,,,
1790569096.307,5.847,1.197,0.000,0.000,,,,,,
1790569096.407,5.847,1.197,0.000,0.000,,,,,,
1790569096.507,5.847,1.197,0.000,0.000,,,,,,
1790569096.607,5.847,1.197,0.000,0.000,,,,,,
1790569096.707,5.847,1.197,0.000,0.000,,,,,,
1790569096.807,5.847,1.197,0.000,0.000,,,,,,
1790569096.907,5.847,1.197,0.000,0.000,,,,,,
1790569097.007,5.847,1.197,0.000,0.000,,,,,,
1790569097.107,5.847,1.197,0.000,0.000,,,,,,
1790569097.207,5.847,1.197,0.000,0.000,,,,,,
1790569097.307,5.847,1.197,0.000,0.000,,,,,,
1790569097.407,5.847,1.197,0.000,0.000,,,,,,
1790569097.507,5.847,1.197,0.000,0.000,,,,,,
1790569097.607,5.847,1.197,0.000,0.000,,,,,,
1790569097.707,5.847,1.197,0.000,0.000,,,,,,
1790569097.807,5.847,1.197,0.000,0.000,,,,,,
1790569097.907,5.847,1.197,0.000,0.000,,,,,,
1790569098.007,5.847,1.197,0.000,0.000,,,,,,
1790569098.107,5.847,1.197,0.000,0.000,,,,,,
1790569098.207,5.847,1.197,0.000,0.000,,,,,,
1790569098.307,5.847,1.197,0.000,0.000,,,,,,
1790569098.407,5.847,1.197,0.000,0.000,,,,,,
1790569098.507,5.847,1.197,0.000,0.000,,,,,,
1790569098.607,5.847,1.197,0.000,0.000,,,,,,
1790569098.707,5.847,1.197,0.000,0.000,,,,,,
1790569098.807,5.847,1.197,0.000,0.000,,,,,,
1790569098.907,5.847,1.197,0.000,0.000,,,,,,
1790569099.007,5.847,1.197,0.000,0.000,,,,,,
1790569099.107,5.847,1.197,0.000,0.000,,,,,,
1790569099.207,5.847,1.197,0.000,0.000,,,,,,
1790569099.307,5.847,1.197,0.000,0.000,,,,,,
1790569099.407,5.847,1.197,0.000,0.000,,,,,,
1790569099.507,5.847,1.197,0.000,0.000,,,,,,
1790569099.607,5.847,1.197,0.000,0.000,,,,,,
1790569099.707,5.847,1.197,0.000,0.000,,,,,,
1790569099.807,5.847,1.197,0.000,0.000,,,,,,
1790569099.907,5.847,1.197,0.000,0.000,,,,,,
1790569100.007,5.847,1.197,0.000,0.000,,,,,,
1790569100.107,5.847,1.197,0.000,0.000,,,,,,
1790569100.207,5.847,1.197,0.000,0.000,,,,,,
1790569100.307,5.847,1.197,0.000,0.000,,,,,,
1790569100.407,5.847,1.197,0.000,0.000,,,,,,
1790569100.507,5.847,1.197,0.000,0.000,,,,,,
1790569100.607,5.847,1.197,0.000,0.000,,,,,,
1790569100.707,5.847,1.197,0.000,0.000,,,,,,
1790569100.807,5.847,1.197,0.000,0.000,,,,,,
1790569100.907,5.847,1.197,0.000,0.000,,,,,,
1790569101.007,5.847,1.197,0.000,0.000,,,,,,
1790569101.107,5.847,1.197,0.000,0.000,,,,,,
1790569101.207,5.847,1.197,0.000,0.000,,,,,,
1790569101.307,5.847,1.197,0.000,0.000,,,,,,
1790569101.407,5.847,1.197,0.000,0.000,,,,,,
1790569101.507,5.847,1.197,0.000,0.000,,,,,,
1790569101.607,5.847,1.197,0.000,0.000,,,,,,
1790569101.707,5.847,1.197,0.000,0.000,,,,,,
1790569101.807,5.847,1.197,0.000,0.000,,,,,,
1790569101.907,5.847,1.197,0.000,0.000,,,,,,
1790569102.008,5.847,1.197,0.000,0.000,,,,,,
1790569102.107,5.847,1.197,0.000,0.000,,,,,,
1790569102.207,5.847,1.197,0.000,0.000,,,,,,
1790569102.307,5.847,1.197,0.000,0.000,,,,,,
1790569102.407,5.847,1.197,0.000,0.000,,,,,,
1790569102.507,5.847,1.197,0.000,0.000,,,,,,
1790569102.607,5.847,1.197,0.000,0.000,,,,,,
1790569102.707,5.847,1.197,0.000,0.000,,,,,,
1790569102.807,5.847,1.197,0.000,0.000,,,,,,
1790569102.907,5.847,1.197,0.000,0.000,,,,,,
1790569103.007,5.847,1.197,0.000,0.000,,,,,,
1790569103.107,5.847,1.197,0.000,0.000,,,,,,
1790569103.207,5.847,1.197,0.000,0.000,,,,,,
1790569103.307,5.847,1.197,0.000,0.000,,,,,,
1790569103.407,5.847,1.197,0.000,0.000,,,,,,
1790569103.508,5.847,1.197,0.000,0.000,,,,,,
1790569103.607,5.847,1.197,0.000,0.000,,,,,,
1790569103.707,5.847,1.197,0.000,0.000,,,,,,
1790569103.807,5.847,1.197,0.000,0.000,,,,,,
1790569103.907,5.847,1.197,0.000,0.000,,,,,,
1790569104.007,5.847,1.197,0.000,0.000,,,,,,
1790569104.107,5.847,1.197,0.000,0.000,,,,,,
1790569104.207,5.847,1.197,0.000,0.000,,,,,,
1790569104.307,5.847,1.197,0.000,0.000,,,,,,
1790569104.408,5.847,1.197,0.000,0.000,,,,,,
1790569104.507,5.847,1.197,0.000,0.000,,,,,,
1790569104.607,5.847,1.197,0.000,0.000,,,,,,
1790569104.707,5.847,1.197,0.000,0.000,,,,,,
1790569104.807,5.847,1.197,0.000,0.000,,,,,,
1790569104.907,5.847,1.197,0.000,0.000,,,,,,
1790569105.007,5.847,1.197,0.000,0.000,,,,,,
1790569105.107,5.847,1.197,0.000,0.000,,,,,,
1790569105.207,5.847,1.197,0.000,0.000,,,,,,
1790569105.307,5.847,1.197,0.000,0.000,,,,,,
1790569105.407,5.847,1.197,0.000,0.000,,,,,,
1790569105.507,5.847,1.197,0.000,0.000,,,,,,
1790569105.607,5.847,1.197,0.000,0.000,,,,,,
1790569105.707,5.847,1.197,0.000,0.000,,,,,,
1790569105.807,5.847,1.197,0.000,0.000,,,,,,
1790569105.907,5.847,1.197,0.000,0.000,,,,,,
1790569106.007,5.847,1.197,0.000,0.000,,,,,,
1790569106.107,5.847,1.197,0.000,0.000,,,,,,
1790569106.207,5.847,1.197,0.000,0.000,,,,,,
1790569106.307,5.847,1.197,0.000,0.000,,,,,,
1790569106.407,5.847,1.197,0.000,0.000,,,,,,
1790569106.507,5.847,1.197,0.000,0.000,,,,,,
1790569106.608,5.847,1.197,0.000,0.000,,,,,,
1790569106.707,5.847,1.197,0.000,0.000,,,,,,
1790569106.807,5.847,1.197,0.000,0.000,,,,,,
1790569106.907,5.847,1.197,0.000,0.000,,,,,,
1790569107.007,5.847,1.197,0.000,0.000,,,,,,
1790569107.108,5.847,1.197,0.000,0.000,,,,,,
1790569107.207,5.847,1.197,0.000,0.000,,,,,,
1790569107.307,5.847,1.197,0.000,0.000,,,,,,
1790569107.407,5.847,1.197,0.000,0.000,,,,,,
1790569107.507,5.847,1.197,0.000,0.000,,,,,,
1790569107.608,5.847,1.197,0.000,0.000,,,,,,
1790569107.707,5.847,1.197,0.000,0.000,,,,,,
1790569107.807,5.847,1.197,0.000,0.000,,,,,,
1790569107.907,5.847,1.197,0.000,0.000,,,,,,
1790569108.007,5.847,1.197,0.000,0.000,,,,,,
1790569108.107,5.847,1.197,0.000,0.000,,,,,,
1790569108.207,5.847,1.197,0.000,0.000,,,,,,
1790569108.307,5.847,1.197,0.000,0.000,,,,,,
1790569108.407,5.847,1.197,0.000,0.000,,,,,,
1790569108.507,5.847,1.197,0.000,0.000,,,,,,
1790569108.607,5.847,1.197,0.000,0.000,,,,,,
1790569108.707,5.847,1.197,0.000,0.000,,,,,,
1790569108.807,5.847,1.197,0.000,0.000,,,,,,
1790569108.907,5.847,1.197,0.000,0.000,,,,,,
1790569109.007,5.847,1.197,0.000,0.000,,,,,,
1790569109.107,5.847,1.197,0.000,0.000,,,,,,
1790569109.207,5.847,1.197,0.000,0.000,,,,,,
1790569109.307,5.847,1.197,0.000,0.000,,,,,,
1790569109.408,5.847,1.197,0.000,0.000,,,,,,
1790569109.507,5.847,1.197,0.000,0.000,,,,,,
1790569109.607,5.847,1.197,0.000,0.000,,,,,,
1790569109.707,5.847,1.197,0.000,0.000,,,,,,
1790569109.807,5.847,1.197,0.000,0.000,,,,,,
1790569109.907,5.847,1.197,0.000,0.000,,,,,,
1790569110.007,5.847,1.197,0.000,0.000,,,,,,
1790569110.107,5.847,1.197,0.000,0.000,,,,,,
1790569110.207,5.847,1.197,0.000,0.000,,,,,,
1790569110.307,5.847,1.197,0.000,0.000,,,,,,
1790569110.407,5.847,1.197,0.000,0.000,,,,,,
1790569110.507,5.847,1.197,0.000,0.000,,,,,,
1790569110.607,5.847,1.197,0.000,0.000,,,,,,
1790569110.707,5.847,1.197,0.000,0.000,,,,,,
1790569110.807,5.847,1.197,0.000,0.000,,,,,,
1790569110.907,5.847,1.197,0.000,0.000,,,,,,
1790569111.007,5.847,1.197,0.000,0.000,,,,,,
1790569111.107,5.847,1.197,0.000,0.000,,,,,,
1790569111.207,5.847,1.197,0.000,0.000,,,,,,
1790569111.307,5.847,1.197,0.000,0.000,,,,,,
1790569111.407,5.847,1.197,0.000,0.000,,,,,,
1790569111.507,5.847,1.197,0.000,0.000,,,,,,
1790569111.607,5.847,1.197,0.000,0.000,,,,,,
1790569111.707,5.847,1.197,0.000,0.000,,,,,,
1790569111.807,5.847,1.197,0.000,0.000,,,,,,
1790569111.907,5.847,1.197,0.000,0.000,,,,,,
1790569112.007,5.847,1.197,0.000,0.000,,,,,,
1790569112.107,5.847,1.197,0.000,0.000,,,,,,
1790569112.207,5.847,1.197,0.000,0.000,,,,,,
1790569112.307,5.847,1.197,0.000,0.000,,,,,,
1790569112.407,5.847,1.197,0.000,0.000,,,,,,
1790569112.507,5.847,1.197,0.000,0.000,,,,,,
1790569112.607,5.847,1.197,0.000,0.000,,,,,,
1790569112.707,5.847,1.197,0.000,0.000,,,,,,
1790569112.807,5.847,1.197,0.000,0.000,,,,,,
1790569112.908,5.847,1.197,0.000,0.000,,,,,,
1790569113.007,5.847,1.197,0.000,0.000,,,,,,
1790569113.107,5.847,1.197,0.000,0.000,,,,,,
1790569113.207,5.847,1.197,0.000,0.000,,,,,,
1790569113.307,5.847,1.197,0.000,0.000,,,,,,
1790569113.407,5.847,1.197,0.000,0.000,,,,,,
1790569113.507,5.847,1.197,0.000,0.000,,,,,,
1790569113.607,5.847,1.197,0.000,0.000,,,,,,
1790569113.707,5.847,1.197,0.000,0.000,,,,,,
1790569113.807,5.847,1.197,0.000,0.000,,,,,,
1790569113.907,5.847,1.197,0.000,0.000,,,,,,
1790569114.007,5.847,1.197,0.000,0.000,,,,,,
1790569114.107,5.847,1.197,0.000,0.000,,,,,,
1790569114.207,5.847,1.197,0.000,0.000,,,,,,
1790569114.307,5.847,1.197,0.000,0.000,,,,,,
1790569114.407,5.847,1.197,0.000,0.000,,,,,,
1790569114.507,5.847,1.197,0.000,0.000,,,,,,
1790569114.607,5.847,1.197,0.000,0.000,,,,,,
1790569114.707,5.847,1.197,0.000,0.000,,,,,,
1790569114.807,5.847,1.197,0.000,0.000,,,,,,
1790569114.907,5.847,1.197,0.000,0.000,,,,,,
1790569115.007,5.847,1.197,0.000,0.000,,,,,,
1790569115.107,5.847,1.197,0.000,0.000,,,,,,
1790569115.207,5.847,1.197,0.000,0.000,,,,,,
1790569115.307,5.847,1.197,0.000,0.000,,,,,,
1790569115.407,5.847,1.197,0.000,0.000,,,,,,
1790569115.507,5.847,1.197,0.000,0.000,,,,,,
1790569115.607,5.847,1.197,0.000,0.000,,,,,,
1790569115.707,5.847,1.197,0.000,0.000,,,,,,
1790569115.807,5.847,1.197,0.000,0.000,,,,,,
1790569115.907,5.847,1.197,0.000,0.000,,,,,,
1790569116.007,5.847,1.197,0.000,0.000,,,,,,
1790569116.107,5.847,1.197,0.000,0.000,,,,,,
1790569116.207,5.847,1.197,0.000,0.000,,,,,,
1790569116.307,5.847,1.197,0.000,0.000,,,,,,
1790569116.407,5.847,1.197,0.000,0.000,,,,,,
1790569116.507,5.847,1.197,0.000,0.000,,,,,,
1790569116.607,5.847,1.197,0.000,0.000,,,,,,
1790569116.707,5.847,1.197,0.000,0.000,,,,,,
1790569116.807,5.847,1.197,0.000,0.000,,,,,,
1790569116.907,5.847,1.197,0.000,0.000,,,,,,
1790569117.007,5.847,1.197,0.000,0.000,,,,,,
1790569117.107,5.847,1.197,0.000,0.000,,,,,,
1790569117.207,5.847,1.197,0.000,0.000,,,,,,
1790569117.307,5.847,1.197,0.000,0.000,,,,,,
1790569117.407,5.847,1.197,0.000,0.000,,,,,,
1790569117.507,5.847,1.197,0.000,0.000,,,,,,
1790569117.607,5.847,1.197,0.000,0.000,,,,,,
1790569117.707,5.847,1.197,0.000,0.000,,,,,,
1790569117.807,5.847,1.197,0.000,0.000,,,,,,
1790569117.907,5.847,1.197,0.000,0.000,,,,,,
1790569118.007,5.847,1.197,0.000,0.000,,,,,,
1790569118.107,5.847,1.197,0.000,0.000,,,,,,
1790569118.207,5.847,1.197,0.000,0.000,,,,,,
1790569118.307,5.847,1.197,0.000,0.000,,,,,,
1790569118.407,5.847,1.197,0.000,0.000,,,,,,
1790569118.507,5.847,1.197,0.000,0.000,,,,,,
1790569118.607,5.847,1.197,0.000,0.000,,,,,,
1790569118.707,5.847,1.197,0.000,0.000,,,,,,
1790569118.807,5.847,1.197,0.000,0.000,,,,,,
1790569118.907,5.847,1.197,0.000,0.000,,,,,,
1790569119.007,5.847,1.197,0.000,0.000,,,,,,
1790569119.107,5.847,1.197,0.000,0.000,,,,,,
1790569119.207,5.847,1.197,0.000,0.000,,,,,,
1790569119.307,5.847,1.197,0.000,0.000,,,,,,
1790569119.407,5.847,1.197,0.000,0.000,,,,,,
1790569119.507,5.847,1.197,0.000,0.000,,,,,,
1790569119.607,5.847,1.197,0.000,0.000,,,,,,
1790569119.707,5.847,1.197,0.000,0.000,,,,,,
1790569119.807,5.847,1.197,0.000,0.000,,,,,,
1790569119.907,5.847,1.197,0.000,0.000,,,,,,
1790569120.007,5.847,1.197,0.000,0.000,,,,,,
1790569120.107,5.847,1.197,0.000,0.000,,,,,,
1790569120.207,5.847,1.197,0.000,0.000,,,,,,
1790569120.307,5.847,1.197,0.000,0.000,,,,,,
1790569120.407,5.847,1.197,0.000,0.000,,,,,,
1790569120.507,5.847,1.197,0.000,0.000,,,,,,
1790569120.607,5.847,1.197,0.000,0.000,,,,,,
1790569120.707,5.847,1.197,0.000,0.000,,,,,,
1790569120.807,5.847,1.197,0.000,0.000,,,,,,
1790569120.907,5.847,1.197,0.000,0.000,,,,,,
1790569121.007,5.847,1.197,0.000,0.000,,,,,,
1790569121.107,5.847,1.197,0.000,0.000,,,,,,
1790569121.207,5.847,1.197,0.000,0.000,,,,,,
1790569121.307,5.847,1.197,0.000,0.000,,,,,,
1790569121.407,5.847,1.197,0.000,0.000,,,,,,
1790569121.507,5.847,1.197,0.000,0.000,,,,,,
1790569121.607,5.847,1.197,0.000,0.000,,,,,,
1790569121.707,5.847,1.197,0.000,0.000,,,,,,
1790569121.807,5.847,1.197,0.000,0.000,,,,,,
1790569121.907,5.847,1.197,0.000,0.000,,,,,,
1790569122.007,5.847,1.197,0.000,0.000,,,,,,
1790569122.107,5.847,1.197,0.000,0.000,,,,,,
1790569122.207,5.847,1.197,0.000,0.000,,,,,,
1790569122.307,5.847,1.197,0.000,0.000,,,,,,
1790569122.407,5.847,1.197,0.000,0.000,,,,,,
1790569122.507,5.847,1.197,0.000,0.000,,,,,,
1790569122.607,5.847,1.197,0.000,0.000,,,,,,
1790569122.707,5.847,1.197,0.000,0.000,,,,,,
1790569122.808,5.847,1.197,0.000,0.000,,,,,,
1790569122.907,5.847,1.197,0.000,0.000,,,,,,
1790569123.007,5.847,1.197,0.000,0.000,,,,,,
1790569123.107,5.847,1.197,0.000,0.000,,,,,,
1790569123.207,5.847,1.197,0.000,0.000,,,,,,
1790569123.307,5.847,1.197,0.000,0.000,,,,,,
1790569123.407,5.847,1.197,0.000,0.000,,,,,,
1790569123.507,5.847,1.197,0.000,0.000,,,,,,
1790569123.607,5.847,1.197,0.000,0.000,,,,,,
1790569123.707,5.847,1.197,0.000,0.000,,,,,,
1790569123.807,5.847,1.197,0.000,0.000,,,,,,
1790569123.907,5.847,1.197,0.000,0.000,,,,,,
1790569124.008,5.847,1.197,0.000,0.000,,,,,,
1790569124.108,5.847,1.197,0.000,0.000,,,,,,
1790569124.207,5.847,1.197,0.000,0.000,,,,,,
1790569124.307,5.847,1.197,0.000,0.000,,,,,,
1790569124.407,5.847,1.197,0.000,0.000,,,,,,
1790569124.507,5.847,1.197,0.000,0.000,,,,,,
1790569124.607,5.847,1.197,0.000,0.000,,,,,,
1790569124.708,5.847,1.197,0.000,0.000,,,,,,
1790569124.808,5.847,1.197,0.000,0.000,,,,,,
1790569124.907,5.847,1.197,0.000,0.000,,,,,,
1790569125.007,5.847,1.197,0.000,0.000,,,,,,
1790569125.107,5.847,1.197,0.000,0.000,,,,,,
1790569125.207,5.847,1.197,0.000,0.000,,,,,,
1790569125.307,5.847,1.197,0.000,0.000,,,,,,
1790569125.407,5.847,1.197,0.000,0.000,,,,,,
1790569125.507,5.847,1.197,0.000,0.000,,,,,,
1790569125.607,5.847,1.197,0.000,0.000,,,,,,
1790569125.707,5.847,1.197,0.000,0.000,,,,,,
1790569125.807,5.847,1.197,0.000,0.000,,,,,,
1790569125.907,5.847,1.197,0.000,0.000,,,,,,
1790569126.007,5.847,1.197,0.000,0.000,,,,,,
1790569126.107,5.847,1.197,0.000,0.000,,,,,,
1790569126.207,5.847,1.197,0.000,0.000,,,,,,
1790569126.307,5.847,1.197,0.000,0.000,,,,,,
1790569126.407,5.847,1.197,0.000,0.000,,,,,,
1790569126.507,5.847,1.197,0.000,0.000,,,,,,
1790569126.607,5.847,1.197,0.000,0.000,,,,,,
1790569126.707,5.847,1.197,0.000,0.000,,,,,,
1790569126.807,5.847,1.197,0.000,0.000,,,,,,
1790569126.907,5.847,1.197,0.000,0.000,,,,,,
1790569127.007,5.847,1.197,0.000,0.000,,,,,,
1790569127.107,5.847,1.197,0.000,0.000,,,,,,
1790569127.207,5.847,1.197,0.000,0.000,,,,,,
1790569127.307,5.847,1.197,0.000,0.000,,,,,,
1790569127.407,5.847,1.197,0.000,0.000,,,,,,
1790569127.507,5.847,1.197,0.000,0.000,,,,,,
1790569127.607,5.847,1.197,0.000,0.000,,,,,,
1790569127.707,5.847,1.197,0.000,0.000,,,,,,
1790569127.807,5.847,1.197,0.000,0.000,,,,,,
1790569127.907,5.847,1.197,0.000,0.000,,,,,,
1790569128.007,5.847,1.197,0.000,0.000,,,,,,
1790569128.107,5.847,1.197,0.000,0.000,,,,,,
1790569128.208,5.847,1.197,0.000,0.000,,,,,,
1790569128.307,5.847,1.197,0.000,0.000,,,,,,
1790569128.408,5.847,1.197,0.000,0.000,,,,,,
1790569128.507,5.847,1.197,0.000,0.000,,,,,,
1790569128.607,5.847,1.197,0.000,0.000,,,,,,
1790569128.707,5.847,1.197,0.000,0.000,,,,,,
1790569128.807,5.847,1.197,0.000,0.000,,,,,,
1790569128.908,5.847,1.197,0.000,0.000,,,,,,
1790569129.007,5.847,1.197,0.000,0.000,,,,,,
1790569129.107,5.847,1.197,0.000,0.000,,,,,,
1790569129.207,5.847,1.197,0.000,0.000,,,,,,
1790569129.307,5.847,1.197,0.000,0.000,,,,,,
1790569129.407,5.847,1.197,0.000,0.000,,,,,,
1790569129.507,5.847,1.197,0.000,0.000,,,,,,
1790569129.607,5.847,1.197,0.000,0.000,,,,,,
1790569129.707,5.847,1.197,0.000,0.000,,,,,,
1790569129.807,5.847,1.197,0.000,0.000,,,,,,
1790569129.907,5.847,1.197,0.000,0.000,,,,,,
1790569130.007,5.847,1.197,0.000,0.000,,,,,,
1790569130.107,5.847,1.197,0.000,0.000,,,,,,
1790569130.207,5.847,1.197,0.000,0.000,,,,,,
1790569130.308,5.847,1.197,0.000,0.000,,,,,,
1790569130.407,5.847,1.197,0.000,0.000,,,,,,
1790569130.507,5.847,1.197,0.000,0.000,,,,,,
1790569130.608,5.847,1.197,0.000,0.000,,,,,,
1790569130.708,5.847,1.197,0.000,0.000,,,,,,
1790569130.807,5.847,1.197,0.000,0.000,,,,,,
1790569130.907,5.847,1.197,0.000,0.000,,,,,,
1790569131.007,5.847,1.197,0.000,0.000,,,,,,
1790569131.107,5.847,1.197,0.000,0.000,,,,,,
1790569131.207,5.847,1.197,0.000,0.000,,,,,,
1790569131.307,5.847,1.197,0.000,0.000,,,,,,
1790569131.407,5.847,1.197,0.000,0.000,,,,,,
1790569131.508,5.847,1.197,0.000,0.000,,,,,,
1790569131.607,5.847,1.197,0.000,0.000,,,,,,
1790569131.708,5.847,1.197,0.000,0.000,,,,,,
1790569131.807,5.847,1.197,0.000,0.000,,,,,,
1790569131.908,5.847,1.197,0.000,0.000,,,,,,
1790569132.007,5.847,1.197,0.000,0.000,,,,,,
1790569132.107,5.847,1.197,0.000,0.000,,,,,,
1790569132.207,5.847,1.197,0.000,0.000,,,,,,
1790569132.307,5.847,1.197,0.000,0.000,,,,,,
1790569132.407,5.847,1.197,0.000,0.000,,,,,,
1790569132.507,5.847,1.197,0.000,0.000,,,,,,
1790569132.607,5.847,1.197,0.000,0.000,,,,,,
1790569132.707,5.847,1.197,0.000,0.000,,,,,,
1790569132.807,5.847,1.197,0.000,0.000,,,,,,
1790569132.907,5.847,1.197,0.000,0.000,,,,,,
1790569133.007,5.847,1.197,0.000,0.000,,,,,,
1790569133.107,5.847,1.197,0.000,0.000,,,,,,
1790569133.208,5.847,1.197,0.000,0.000,,,,,,
1790569133.307,5.847,1.197,0.000,0.000,,,,,,
1790569133.407,5.847,1.197,0.000,0.000,,,,,,
1790569133.507,5.847,1.197,0.000,0.000,,,,,,
1790569133.607,5.847,1.197,0.000,0.000,,,,,,
1790569133.707,5.847,1.197,0.000,0.000,,,,,,
1790569133.808,5.847,1.197,0.000,0.000,,,,,,
1790569133.907,5.847,1.197,0.000,0.000,,,,,,
1790569134.007,5.847,1.197,0.000,0.000,,,,,,
1790569134.107,5.847,1.197,0.000,0.000,,,,,,
1790569134.207,5.847,1.197,0.000,0.000,,,,,,
1790569134.307,5.847,1.197,0.000,0.000,,,,,,
1790569134.407,5.847,1.197,0.000,0.000,,,,,,
1790569134.507,5.847,1.197,0.000,0.000,,,,,,
1790569134.607,5.847,1.197,0.000,0.000,,,,,,
1790569134.707,5.847,1.197,0.000,0.000,,,,,,
1790569134.807,5.847,1.197,0.000,0.000,,,,,,
1790569134.907,5.847,1.197,0.000,0.000,,,,,,
1790569135.007,5.847,1.197,0.000,0.000,,,,,,
1790569135.107,5.847,1.197,0.000,0.000,,,,,,
1790569135.207,5.847,1.197,0.000,0.000,,,,,,
1790569135.307,5.847,1.197,0.000,0.000,,,,,,
1790569135.407,5.847,1.197,0.000,0.000,,,,,,
1790569135.507,5.847,1.197,0.000,0.000,,,,,,
1790569135.607,5.847,1.197,0.000,0.000,,,,,,
1790569135.707,5.847,1.197,0.000,0.000,,,,,,
1790569135.807,5.847,1.197,0.000,0.000,,,,,,
1790569135.907,5.847,1.197,0.000,0.000,,,,,,
1790569136.007,5.847,1.197,0.000,0.000,,,,,,
1790569136.107,5.847,1.197,0.000,0.000,,,,,,
1790569136.207,5.847,1.197,0.000,0.000,,,,,,
1790569136.308,5.847,1.197,0.000,0.000,,,,,,
1790569136.407,5.847,1.197,0.000,0.000,,,,,,
1790569136.507,5.847,1.197,0.000,0.000,,,,,,
1790569136.607,5.847,1.197,0.000,0.000,,,,,,
1790569136.707,5.847,1.197,0.000,0.000,,,,,,
1790569136.807,5.847,1.197,0.000,0.000,,,,,,
1790569136.907,5.847,1.197,0.000,0.000,,,,,,
1790569137.007,5.847,1.197,0.000,0.000,,,,,,
1790569137.107,5.847,1.197,0.000,0.000,,,,,,
1790569137.208,5.847,1.197,0.000,0.000,,,,,,
1790569137.307,5.847,1.197,0.000,0.000,,,,,,
1790569137.407,5.847,1.197,0.000,0.000,,,,,,
1790569137.507,5.847,1.197,0.000,0.000,,,,,,
1790569137.607,5.847,1.197,0.000,0.000,,,,,,
1790569137.707,5.847,1.197,0.000,0.000,,,,,,
1790569137.807,5.847,1.197,0.000,0.000,,,,,,
1790569137.907,5.847,1.197,0.000,0.000,,,,,,
1790569138.007,5.847,1.197,0.000,0.000,,,,,,
1790569138.107,5.847,1.197,0.000,0.000,,,,,,
1790569138.207,5.847,1.197,0.000,0.000,,,,,,
1790569138.307,5.847,1.197,0.000,0.000,,,,,,
1790569138.407,5.847,1.197,0.000,0.000,,,,,,
1790569138.507,5.847,1.197,0.000,0.000,,,,,,
1790569138.607,5.847,1.197,0.000,0.000,,,,,,
1790569138.707,5.847,1.197,0.000,0.000,,,,,,
1790569138.807,5.847,1.197,0.000,0.000,,,,,,
1790569138.907,5.847,1.197,0.000,0.000,,,,,,
1790569139.007,5.847,1.197,0.000,0.000,,,,,,
1790569139.107,5.847,1.197,0.000,0.000,,,,,,
1790569139.207,5.847,1.197,0.000,0.000,,,,,,
1790569139.307,5.847,1.197,0.000,0.000,,,,,,
1790569139.407,5.847,1.197,0.000,0.000,,,,,,
1790569139.507,5.847,1.197,0.000,0.000,,,,,,
1790569139.607,5.847,1.197,0.000,0.000,,,,,,
1790569139.707,5.847,1.197,0.000,0.000,,,,,,
1790569139.807,5.847,1.197,0.000,0.000,,,,,,
1790569139.907,5.847,1.197,0.000,0.000,,,,,,
1790569140.007,5.847,1.197,0.000,0.000,,,,,,
1790569140.107,5.847,1.197,0.000,0.000,,,,,,
1790569140.207,5.847,1.197,0.000,0.000,,,,,,
1790569140.307,5.847,1.197,0.000,0.000,,,,,,
1790569140.407,5.847,1.197,0.000,0.000,,,,,,
1790569140.507,5.847,1.197,0.000,0.000,,,,,,
1790569140.607,5.847,1.197,0.000,0.000,,,,,,
1790569140.707,5.847,1.197,0.000,0.000,,,,,,
1790569140.807,5.847,1.197,0.000,0.000,,,,,,
1790569140.907,5.847,1.197,0.000,0.000,,,,,,
1790569141.007,5.847,1.197,0.000,0.000,,,,,,
1790569141.107,5.847,1.197,0.000,0.000,,,,,,
1790569141.207,5.847,1.197,0.000,0.000,,,,,,
1790569141.307,5.847,1.197,0.000,0.000,,,,,,
1790569141.407,5.847,1.197,0.000,0.000,,,,,,
1790569141.507,5.847,1.197,0.000,0.000,,,,,,
1790569141.607,5.847,1.197,0.000,0.000,,,,,,
1790569141.707,5.847,1.197,0.000,0.000,,,,,,
1790569141.807,5.847,1.197,0.000,0.000,,,,,,
1790569141.907,5.847,1.197,0.000,0.000,,,,,,
1790569142.007,5.847,1.197,0.000,0.000,,,,,,
1790569142.107,5.847,1.197,0.000,0.000,,,,,,
1790569142.207,5.847,1.197,0.000,0.000,,,,,,
1790569142.307,5.847,1.197,0.000,0.000,,,,,,
1790569142.407,5.847,1.197,0.000,0.000,,,,,,
1790569142.507,5.847,1.197,0.000,0.000,,,,,,
1790569142.607,5.847,1.197,0.000,0.000,,,,,,
1790569142.707,5.847,1.197,0.000,0.000,,,,,,
1790569142.807,5.847,1.197,0.000,0.000,,,,,,
1790569142.908,5.847,1.197,0.000,0.000,,,,,,
1790569143.007,5.847,1.197,0.000,0.000,,,,,,
1790569143.107,5.847,1.197,0.000,0.000,,,,,,
1790569143.207,5.847,1.197,0.000,0.000,,,,,,
1790569143.307,5.849,1.197,-0.000,0.059,,,,,,
1790569143.407,5.867,1.197,-0.000,0.285,,,,,,
1790569143.507,5.909,1.197,0.001,0.525,,,,,,
1790569143.607,5.974,1.197,-0.000,0.765,,,,,,
1790569143.708,6.064,1.197,-0.001,1.005,,,,,,
1790569143.807,6.178,1.197,-0.002,1.245,,,,,,
1790569143.907,6.315,1.197,-0.002,1.485,,,,,,
1790569144.007,6.477,1.196,-0.006,1.725,,,,,,
1790569144.107,6.662,1.195,-0.003,1.933,,,,,,
1790569144.207,6.864,1.195,-0.003,2.088,,,,,,
1790569144.307,7.079,1.193,-0.008,2.204,,,,,,
1790569144.407,7.305,1.190,-0.021,2.291,,,,,,
1790569144.507,7.538,1.184,-0.029,2.357,,,,,,
1790569144.607,7.776,1.177,-0.031,2.405,,,,,,
1790569144.707,8.018,1.174,0.007,2.442,,,,,,
1790569144.807,8.264,1.187,0.091,2.469,,,,,,
1790569144.907,8.509,1.226,0.221,2.489,,,,,,
1790569145.008,8.742,1.311,0.465,2.505,,,,,,
1790569145.107,8.940,1.460,0.796,2.465,,,,,,
1790569145.207,9.074,1.660,1.134,2.384,,,,,,
1790569145.307,9.131,1.886,1.484,2.304,,,,,,
1790569145.407,9.108,2.107,1.835,2.184,,,,,,
1790569145.507,9.012,2.302,2.178,2.189,,,,,,
1790569145.607,8.857,2.459,2.493,2.210,,,,,,
1790569145.707,8.661,2.561,2.788,2.234,,,,,,
1790569145.807,8.443,2.608,3.041,2.247,,,,,,
1790569145.907,8.217,2.604,-3.055,2.290,,,,,,
1790569146.007,7.986,2.580,-3.040,2.355,,,,,,
1790569146.108,7.747,2.566,-3.134,2.404,,,,,,
1790569146.207,7.507,2.588,2.974,2.441,,,,,,
1790569146.307,7.269,2.649,2.827,2.468,,,,,,
1790569146.407,7.041,2.743,2.688,2.440,,,,,,
1790569146.507,6.838,2.865,2.522,2.304,,,,,,
1790569146.607,6.672,3.016,2.301,2.098,,,,,,
1790569146.707,6.561,3.179,2.054,2.030,,,,,,
1790569146.807,6.492,3.373,1.790,2.080,,,,,,
1790569146.907,6.476,3.577,1.537,2.003,,,,,,
1790569147.007,6.510,3.762,1.259,1.798,,,,,,
1790569147.107,6.588,3.913,0.955,1.649,,,,,,
1790569147.207,6.697,4.024,0.655,1.491,,,,,,
1790569147.307,6.824,4.095,0.410,1.445,,,,,,
1790569147.407,6.962,4.140,0.232,1.479,,,,,,
1790569147.507,7.118,4.161,0.054,1.663,,,,,,
1790569147.607,7.296,4.156,-0.095,1.876,,,,,,
1790569147.707,7.491,4.125,-0.194,2.046,,,,,,
1790569147.807,7.698,4.079,-0.238,2.173,,,,,,
1790569147.907,7.914,4.027,-0.226,2.268,,,,,,
1790569148.007,8.139,3.977,-0.212,2.339,,,,,,
1790569148.107,8.372,3.931,-0.177,2.385,,,,,,
1790569148.207,8.608,3.896,-0.123,2.365,,,,,,
1790569148.307,8.841,3.877,-0.045,2.310,,,,,,
1790569148.407,9.061,3.878,0.053,2.100,,,,,,
1790569148.507,9.259,3.903,0.184,1.927,,,,,,
1790569148.607,9.433,3.954,0.383,1.727,,,,,,
1790569148.707,9.577,4.034,0.607,1.582,,,,,,
1790569148.807,9.689,4.133,0.825,1.430,,,,,,
1790569148.908,9.770,4.244,1.035,1.332,,,,,,
1790569149.007,9.824,4.360,1.220,1.238,,,,,,
1790569149.107,9.856,4.481,1.374,1.285,,,,,,
1790569149.207,9.871,4.613,1.530,1.356,,,,,,
1790569149.307,9.865,4.747,1.694,1.330,,,,,,
1790569149.407,9.837,4.873,1.864,1.234,,,,,,
1790569149.507,9.793,4.984,2.023,1.171,,,,,,
1790569149.607,9.735,5.081,2.182,1.109,,,,,,
1790569149.707,9.664,5.166,2.331,1.122,,,,,,
1790569149.807,9.579,5.243,2.467,1.171,,,,,,
1790569149.907,9.477,5.313,2.594,1.306,,,,,,
1790569150.007,9.352,5.375,2.751,1.460,,,,,,
1790569150.108,9.202,5.425,2.877,1.680,,,,,,
1790569150.207,9.027,5.459,3.001,1.854,,,,,,
1790569150.308,8.833,5.479,3.055,2.011,,,,,,
1790569150.407,8.627,5.496,3.056,2.145,,,,,,
1790569150.507,8.407,5.516,3.054,2.247,,,,,,
1790569150.607,8.179,5.534,3.068,2.323,,,,,,
1790569150.707,7.944,5.550,3.076,2.380,,,,,,
1790569150.807,7.704,5.567,3.065,2.423,,,,,,
1790569150.907,7.460,5.587,3.061,2.455,,,,,,
1790569151.007,7.215,5.605,3.072,2.466,,,,,,
1790569151.107,6.968,5.621,3.082,2.482,,,,,,
1790569151.207,6.721,5.634,3.098,2.445,,,,,,
1790569151.307,6.478,5.642,3.111,2.432,,,,,,
1790569151.408,6.239,5.650,3.107,2.358,,,,,,
1790569151.507,6.006,5.657,3.108,2.312,,,,,,
1790569151.607,5.779,5.667,3.086,2.211,,,,,,
1790569151.707,5.559,5.682,3.071,2.227,,,,,,
1790569151.807,5.335,5.698,3.068,2.242,,,,,,
1790569151.907,5.110,5.715,3.062,2.264,,,,,,
1790569152.007,4.888,5.732,3.066,2.167,,,,,,
1790569152.107,4.674,5.748,3.069,2.130,,,,,,
1790569152.207,4.466,5.762,3.082,2.051,,,,,,
1790569152.307,4.263,5.772,3.099,2.023,,,,,,
1790569152.407,4.064,5.778,3.125,1.954,,,,,,
1790569152.507,3.867,5.779,3.141,1.996,,,,,,
1790569152.607,3.665,5.778,-3.128,2.040,,,,,,
1790569152.707,3.455,5.773,-3.110,2.153,,,,,,
1790569152.807,3.234,5.763,-3.085,2.247,,,,,,
1790569152.907,3.006,5.746,-3.055,2.323,,,,,,
1790569153.007,2.771,5.724,-3.043,2.380,,,,,,
1790569153.107,2.532,5.700,-3.035,2.423,,,,,,
1790569153.207,2.290,5.671,-3.013,2.455,,,,,,
1790569153.308,2.045,5.636,-2.983,2.479,,,,,,
1790569153.407,1.800,5.593,-2.959,2.497,,,,,,
1790569153.507,1.555,5.541,-2.900,2.510,,,,,,
1790569153.607,1.315,5.466,-2.795,2.520,,,,,,
1790569153.707,1.086,5.363,-2.647,2.502,,,,,,
1790569153.807,0.884,5.226,-2.458,2.394,,,,,,
1790569153.907,0.727,5.061,-2.216,2.193,,,,,,
1790569154.007,0.625,4.881,-1.982,1.949,,,,,,
1790569154.108,0.568,4.705,-1.813,1.804,,,,,,
1790569154.207,0.539,4.530,-1.670,1.781,,,,,,
1790569154.307,0.529,4.346,-1.599,1.910,,,,,,
1790569154.407,0.525,4.146,-1.588,2.071,,,,,,
1790569154.507,0.522,3.931,-1.589,2.192,,,,,,
1790569154.607,0.517,3.707,-1.594,2.282,,,,,,
1790569154.707,0.512,3.475,-1.592,2.349,,,,,,
1790569154.807,0.508,3.238,-1.584,2.400,,,,,,
1790569154.907,0.508,2.996,-1.551,2.438,,,,,,
1790569155.007,0.521,2.751,-1.494,2.466,,,,,,
1790569155.107,0.552,2.506,-1.395,2.468,,,,,,
1790569155.207,0.610,2.273,-1.270,2.345,,,,,,
1790569155.307,0.695,2.055,-1.140,2.329,,,,,,
1790569155.407,0.807,1.853,-1.005,2.311,,,,,,
1790569155.507,0.947,1.668,-0.853,2.312,,,,,,
1790569155.607,1.109,1.513,-0.680,2.181,,,,,,
1790569155.707,1.289,1.397,-0.488,2.131,,,,,,
1790569155.807,1.489,1.309,-0.354,2.220,,,,,,
1790569155.907,1.706,1.244,-0.239,2.303,,,,,,
1790569156.007,1.934,1.205,-0.112,2.318,,,,,,
1790569156.108,2.168,1.188,-0.050,2.371,,,,,,
1790569156.207,2.408,1.180,-0.016,2.416,,,,,,
1790569156.307,2.651,1.179,0.000,2.450,,,,,,
1790569156.407,2.897,1.179,0.003,2.475,,,,,,
1790569156.507,3.146,1.181,0.012,2.494,,,,,,
1790569156.607,3.396,1.185,0.017,2.508,,,,,,
1790569156.707,3.648,1.190,0.025,2.519,,,,,,
1790569156.807,3.900,1.198,0.037,2.526,,,,,,
1790569156.907,4.153,1.208,0.045,2.532,,,,,,
1790569157.007,4.406,1.219,0.041,2.537,,,,,,
1790569157.107,4.660,1.228,0.027,2.540,,,,,,
1790569157.207,4.914,1.232,0.009,2.543,,,,,,
1790569157.307,5.168,1.232,-0.006,2.544,,,,,,
1790569157.407,5.422,1.229,-0.018,2.546,,,,,,
1790569157.507,5.677,1.224,-0.021,2.547,,,,,,
1790569157.607,5.932,1.219,-0.017,2.548,,,,,,
1790569157.707,6.187,1.215,-0.015,2.548,,,,,,
1790569157.807,6.441,1.213,-0.004,2.549,,,,,,
1790569157.907,6.697,1.213,0.005,2.549,,,,,,
1790569158.007,6.951,1.214,-0.000,2.549,,,,,,
1790569158.107,7.206,1.214,0.001,2.549,,,,,,
1790569158.207,7.462,1.213,-0.009,2.550,,,,,,
1790569158.307,7.716,1.210,-0.015,2.550,,,,,,
1790569158.407,7.971,1.208,0.002,2.550,,,,,,
1790569158.507,8.226,1.217,0.072,2.550,,,,,,
1790569158.607,8.477,1.255,0.221,2.550,,,,,,
1790569158.707,8.718,1.340,0.457,2.550,,,,,,
1790569158.807,8.923,1.490,0.777,2.546,,,,,,
1790569158.907,9.069,1.697,1.104,2.546,,,,,,
1790569159.008,9.140,1.937,1.432,2.480,,,,,,
1790569159.107,9.129,2.182,1.768,2.462,,,,,,
1790569159.207,9.038,2.408,2.103,2.393,,,,,,
1790569159.307,8.889,2.580,2.435,2.173,,,,,,
1790569159.407,8.717,2.681,2.754,1.883,,,,,,
1790569159.507,8.542,2.725,3.003,1.787,,,,,,
1790569159.607,8.359,2.730,-3.080,1.897,,,,,,
1790569159.707,8.161,2.702,-2.957,2.061,,,,,,
1790569159.807,7.952,2.662,-2.958,2.184,,,,,,
1790569159.907,7.731,2.627,-3.004,2.276,,,,,,
1790569160.007,7.501,2.601,-3.048,2.345,,,,,,
1790569160.107,7.265,2.587,-3.116,2.375,,,,,,
1790569160.207,7.036,2.594,3.059,2.222,,,,,,
1790569160.307,6.827,2.631,2.880,2.042,,,,,,
1790569160.407,6.648,2.706,2.626,1.857,,,,,,
1790569160.507,6.508,2.817,2.340,1.762,,,,,,
1790569160.607,6.412,2.953,2.058,1.563,,,,,,
1790569160.707,6.359,3.093,1.839,1.483,,,,,,
1790569160.807,6.331,3.245,1.688,1.630,,,,,,
1790569160.907,6.324,3.414,1.548,1.727,,,,,,
1790569161.007,6.342,3.584,1.393,1.675,,,,,,
1790569161.107,6.389,3.743,1.182,1.639,,,,,,
1790569161.207,6.471,3.883,0.924,1.619,,,,,,
1790569161.307,6.587,3.995,0.640,1.593,,,,,,
1790569161.407,6.725,4.068,0.372,1.549,,,,,,
1790569161.507,6.876,4.108,0.162,1.617,,,,,,
1790569161.607,7.048,4.117,-0.027,1.816,,,,,,
1790569161.707,7.239,4.099,-0.141,2.001,,,,,,
1790569161.807,7.445,4.064,-0.187,2.139,,,,,,
1790569161.907,7.660,4.020,-0.203,2.242,,,,,,
1790569162.007,7.885,3.977,-0.176,2.320,,,,,,
1790569162.107,8.117,3.940,-0.146,2.378,,,,,,
1790569162.207,8.355,3.910,-0.111,2.414,,,,,,
1790569162.307,8.597,3.888,-0.068,2.441,,,,,,
1790569162.407,8.837,3.878,-0.021,2.356,,,,,,
1790569162.507,9.067,3.884,0.067,2.239,,,,,,
1790569162.607,9.279,3.911,0.187,2.037,,,,,,
1790569162.707,9.461,3.966,0.387,1.810,,,,,,
1790569162.807,9.608,4.048,0.615,1.586,,,,,,
1790569162.907,9.718,4.148,0.833,1.404,,,,,,
1790569163.007,9.795,4.254,1.035,1.217,,,,,,
1790569163.107,9.844,4.360,1.218,1.169,,,,,,
1790569163.207,9.874,4.474,1.395,1.170,,,,,,
1790569163.307,9.885,4.594,1.547,1.263,,,,,,
1790569163.407,9.877,4.719,1.707,1.239,,,,,,
1790569163.507,9.850,4.838,1.864,1.203,,,,,,
1790569163.607,9.806,4.947,2.023,1.145,,,,,,
1790569163.707,9.747,5.047,2.172,1.187,,,,,,
1790569163.807,9.671,5.140,2.322,1.218,,,,,,
1790569163.907,9.578,5.224,2.469,1.294,,,,,,
1790569164.007,9.468,5.299,2.615,1.355,,,,,,
1790569164.107,9.342,5.359,2.759,1.464,,,,,,
1790569164.207,9.191,5.408,2.880,1.676,,,,,,
1790569164.307,9.015,5.446,2.958,1.893,,,,,,
1790569164.407,8.819,5.479,2.989,2.058,,,,,,
1790569164.507,8.608,5.507,3.021,2.182,,,,,,
1790569164.607,8.386,5.532,3.040,2.275,,,,,,
1790569164.707,8.155,5.552,3.062,2.344,,,,,,
1790569164.807,7.919,5.570,3.068,2.396,,,,,,
1790569164.907,7.677,5.588,3.072,2.431,,,,,,
1790569165.007,7.435,5.602,3.087,2.429,,,,,,
1790569165.107,7.190,5.615,3.094,2.444,,,,,,
1790569165.207,6.949,5.626,3.099,2.398,,,,,,
1790569165.307,6.711,5.636,3.098,2.378,,,,,,
1790569165.407,6.475,5.646,3.102,2.339,,,,,,
1790569165.507,6.241,5.655,3.104,2.345,,,,,,
1790569165.607,6.012,5.666,3.088,2.243,,,,,,
1790569165.707,5.791,5.678,3.083,2.178,,,,,,
1790569165.807,5.572,5.691,3.079,2.220,,,,,,
1790569165.907,5.347,5.707,3.068,2.268,,,,,,
1790569166.007,5.123,5.724,3.067,2.221,,,,,,
1790569166.107,4.903,5.739,3.076,2.182,,,,,,
1790569166.207,4.690,5.752,3.088,2.103,,,,,,
1790569166.307,4.482,5.762,3.092,2.066,,,,,,
1790569166.407,4.280,5.770,3.109,1.984,,,,,,
1790569166.507,4.081,5.775,3.124,2.005,,,,,,
1790569166.608,3.880,5.777,3.139,2.007,,,,,,
1790569166.707,3.674,5.776,-3.131,2.112,,,,,,
1790569166.807,3.460,5.772,-3.112,2.155,,,,,,
1790569166.907,3.240,5.763,-3.093,2.246,,,,,,
1790569167.007,3.011,5.749,-3.068,2.323,,,,,,
1790569167.107,2.776,5.729,-3.052,2.380,,,,,,
1790569167.207,2.537,5.707,-3.041,2.423,,,,,,
1790569167.307,2.294,5.678,-3.014,2.455,,,,,,
1790569167.407,2.048,5.644,-2.992,2.479,,,,,,
1790569167.507,1.804,5.603,-2.954,2.497,,,,,,
1790569167.607,1.561,5.546,-2.878,2.510,,,,,,
1790569167.707,1.322,5.467,-2.772,2.520,,,,,,
1790569167.807,1.097,5.358,-2.618,2.455,,,,,,
1790569167.908,0.904,5.216,-2.416,2.373,,,,,,
1790569168.007,0.753,5.048,-2.205,2.165,,,,,,
1790569168.107,0.652,4.871,-1.991,1.952,,,,,,
1790569168.207,0.593,4.695,-1.820,1.787,,,,,,
1790569168.307,0.560,4.521,-1.718,1.794,,,,,,
1790569168.407,0.538,4.339,-1.678,1.866,,,,,,
1790569168.507,0.521,4.144,-1.643,2.030,,,,,,
1790569168.607,0.506,3.935,-1.637,2.147,,,,,,
1790569168.707,0.493,3.716,-1.629,2.231,,,,,,
1790569168.807,0.481,3.491,-1.615,2.262,,,,,,
1790569168.907,0.475,3.260,-1.581,2.331,,,,,,
1790569169.007,0.483,3.025,-1.505,2.383,,,,,,
1790569169.107,0.508,2.785,-1.432,2.425,,,,,,
1790569169.207,0.551,2.547,-1.354,2.409,,,,,,
1790569169.307,0.616,2.314,-1.255,2.409,,,,,,
1790569169.407,0.704,2.093,-1.139,2.332,,,,,,
1790569169.507,0.812,1.888,-1.043,2.339,,,,,,
1790569169.607,0.940,1.698,-0.918,2.231,,,,,,
1790569169.707,1.086,1.538,-0.755,2.132,,,,,,
1790569169.807,1.248,1.412,-0.577,1.979,,,,,,
1790569169.907,1.421,1.320,-0.429,1.976,,,,,,
1790569170.007,1.613,1.247,-0.310,2.118,,,,,,
1790569170.107,1.825,1.195,-0.178,2.227,,,,,,
1790569170.207,2.051,1.173,-0.037,2.308,,,,,,
1790569170.307,2.285,1.175,0.033,2.369,,,,,,
1790569170.407,2.524,1.186,0.058,2.414,,,,,,
1790569170.507,2.767,1.200,0.055,2.449,,,,,,
1790569170.607,3.013,1.213,0.050,2.474,,,,,,
1790569170.707,3.261,1.224,0.036,2.493,,,,,,
1790569170.807,3.512,1.228,-0.001,2.507,,,,,,
1790569170.907,3.763,1.224,-0.021,2.518,,,,,,
1790569171.007,4.015,1.218,-0.027,2.526,,,,,,
1790569171.107,4.269,1.213,-0.016,2.532,,,,,,
1790569171.207,4.521,1.210,-0.006,2.537,,,,,,
1790569171.307,4.776,1.210,0.005,2.540,,,,,,
1790569171.407,5.030,1.212,0.010,2.543,,,,,,
1790569171.507,5.284,1.215,0.009,2.544,,,,,,
1790569171.607,5.538,1.216,0.003,2.546,,,,,,
1790569171.707,5.793,1.217,0.003,2.547,,,,,,
1790569171.807,6.048,1.217,-0.001,2.548,,,,,,
1790569171.907,6.302,1.216,-0.009,2.548,,,,,,
1790569172.008,6.557,1.213,-0.015,2.549,,,,,,
1790569172.107,6.812,1.209,-0.017,2.549,,,,,,
1790569172.207,7.067,1.204,-0.020,2.549,,,,,,
1790569172.307,7.322,1.199,-0.018,2.549,,,,,,
1790569172.407,7.577,1.195,-0.020,2.550,,,,,,
1790569172.507,7.832,1.189,-0.017,2.550,,,,,,
1790569172.607,8.087,1.191,0.033,2.550,,,,,,
1790569172.707,8.341,1.213,0.140,2.550,,,,,,
1790569172.807,8.589,1.269,0.297,2.550,,,,,,
1790569172.907,8.822,1.374,0.539,2.549,,,,,,
1790569173.007,9.011,1.540,0.866,2.522,,,,,,
1790569173.107,9.137,1.758,1.197,2.514,,,,,,
1790569173.207,9.184,1.998,1.528,2.429,,,,,,
1790569173.307,9.149,2.236,1.873,2.401,,,,,,
1790569173.407,9.042,2.439,2.207,2.209,,,,,,
1790569173.507,8.890,2.580,2.547,1.988,,,,,,
1790569173.607,8.721,2.661,2.812,1.780,,,,,,
1790569173.707,8.553,2.696,3.030,1.702,,,,,,
1790569173.807,8.377,2.699,-3.081,1.852,,,,,,
1790569173.907,8.182,2.679,-3.026,2.028,,,,,,
1790569174.007,7.974,2.655,-3.035,2.159,,,,,,
1790569174.107,7.753,2.634,-3.051,2.257,,,,,,
1790569174.207,7.524,2.615,-3.067,2.331,,,,,,
1790569174.307,7.289,2.603,-3.123,2.357,,,,,,
1790569174.407,7.060,2.613,3.042,2.230,,,,,,
1790569174.507,6.850,2.653,2.873,2.056,,,,,,
1790569174.607,6.672,2.726,2.641,1.828,,,,,,
1790569174.707,6.531,2.833,2.368,1.741,,,,,,
1790569174.807,6.431,2.964,2.097,1.556,,,,,,
1790569174.907,6.371,3.103,1.893,1.524,,,,,,
1790569175.007,6.333,3.259,1.738,1.693,,,,,,
1790569175.107,6.321,3.434,1.569,1.764,,,,,,
1790569175.207,6.337,3.605,1.393,1.680,,,,,,
1790569175.308,6.386,3.763,1.170,1.646,,,,,,
1790569175.407,6.471,3.903,0.903,1.636,,,,,,
1790569175.507,6.588,4.014,0.636,1.606,,,,,,
1790569175.607,6.725,4.089,0.388,1.528,,,,,,
1790569175.707,6.874,4.131,0.183,1.579,,,,,,
1790569175.807,7.041,4.143,-0.017,1.780,,,,,,
1790569175.908,7.229,4.125,-0.143,1.974,,,,,,
1790569176.008,7.431,4.089,-0.202,2.119,,,,,,
1790569176.108,7.645,4.043,-0.216,2.227,,,,,,
1790569176.207,7.867,3.995,-0.210,2.309,,,,,,
1790569176.307,8.097,3.949,-0.186,2.369,,,,,,
1790569176.407,8.333,3.909,-0.153,2.415,,,,,,
1790569176.507,8.575,3.879,-0.091,2.449,,,,,,
1790569176.607,8.820,3.865,-0.033,2.457,,,,,,
1790569176.707,9.061,3.870,0.074,2.347,,,,,,
1790569176.807,9.281,3.902,0.206,2.127,,,,,,
1790569176.907,9.473,3.960,0.382,1.902,,,,,,
1790569177.007,9.626,4.046,0.630,1.659,,,,,,
1790569177.107,9.739,4.155,0.877,1.499,,,,,,
1790569177.207,9.816,4.273,1.090,1.328,,,,,,
1790569177.307,9.863,4.392,1.276,1.262,,,,,,
1790569177.407,9.887,4.515,1.452,1.260,,,,,,
1790569177.507,9.892,4.646,1.609,1.335,,,,,,
1790569177.607,9.875,4.779,1.769,1.334,,,,,,
1790569177.707,9.838,4.904,1.933,1.271,,,,,,
1790569177.807,9.784,5.014,2.101,1.205,,,,,,
1790569177.907,9.716,5.110,2.257,1.179,,,,,,
1790569178.007,9.633,5.196,2.401,1.203,,,,,,
1790569178.107,9.533,5.274,2.548,1.324,,,,,,
1790569178.207,9.412,5.341,2.705,1.451,,,,,,
1790569178.307,9.266,5.396,2.834,1.674,,,,,,
1790569178.407,9.092,5.439,2.950,1.856,,,,,,
1790569178.507,8.899,5.469,3.007,2.027,,,,,,
1790569178.607,8.691,5.496,3.021,2.158,,,,,,
1790569178.707,8.471,5.523,3.014,2.257,,,,,,
1790569178.807,8.243,5.552,3.024,2.317,,,,,,
1790569178.907,8.009,5.578,3.039,2.369,,,,,,
1790569179.007,7.774,5.598,3.073,2.342,,,,,,
1790569179.107,7.539,5.611,3.094,2.380,,,,,,
1790569179.207,7.301,5.621,3.108,2.364,,,,,,
1790569179.307,7.062,5.627,3.117,2.405,,,,,,
1790569179.407,6.821,5.633,3.114,2.417,,,,,,
1790569179.507,6.577,5.642,3.101,2.451,,,,,,
1790569179.607,6.335,5.651,3.102,2.404,,,,,,
1790569179.707,6.098,5.662,3.095,2.332,,,,,,
1790569179.807,5.874,5.675,3.070,2.147,,,,,,
1790569179.907,5.662,5.691,3.066,2.144,,,,,,
1790569180.007,5.446,5.707,3.063,2.162,,,,,,
1790569180.108,5.231,5.725,3.062,2.143,,,,,,
1790569180.207,5.023,5.740,3.077,2.044,,,,,,
1790569180.307,4.819,5.752,3.080,2.033,,,,,,
1790569180.407,4.618,5.765,3.084,1.990,,,,,,
1790569180.507,4.420,5.774,3.103,1.987,,,,,,
1790569180.607,4.222,5.780,3.119,1.964,,,,,,
1790569180.707,4.023,5.783,3.136,2.025,,,,,,
1790569180.807,3.818,5.782,-3.130,2.057,,,,,,
1790569180.907,3.607,5.777,-3.110,2.167,,,,,,
1790569181.007,3.389,5.769,-3.098,2.138,,,,,,
1790569181.107,3.189,5.758,-3.077,1.936,,,,,,
1790569181.207,2.994,5.744,-3.064,2.003,,,,,,
1790569181.307,2.787,5.727,-3.059,2.140,,,,,,
1790569181.407,2.567,5.708,-3.049,2.244,,,,,,
1790569181.507,2.340,5.686,-3.042,2.321,,,,,,
1790569181.607,2.106,5.661,-3.029,2.378,,,,,,
1790569181.707,1.868,5.630,-2.996,2.422,,,,,,
1790569181.807,1.627,5.587,-2.938,2.454,,,,,,
1790569181.907,1.389,5.524,-2.830,2.478,,,,,,
1790569182.007,1.158,5.431,-2.697,2.496,,,,,,
1790569182.107,0.946,5.302,-2.507,2.441,,,,,,
1790569182.207,0.777,5.144,-2.293,2.209,,,,,,
1790569182.307,0.659,4.973,-2.068,1.993,,,,,,
1790569182.407,0.588,4.797,-1.863,1.830,,,,,,
1790569182.507,0.551,4.622,-1.725,1.791,,,,,,
1790569182.607,0.528,4.438,-1.680,1.906,,,,,,
1790569182.707,0.508,4.243,-1.667,2.026,,,,,,
1790569182.807,0.491,4.035,-1.639,2.120,,,,,,
1790569182.907,0.480,3.817,-1.612,2.227,,,,,,
1790569183.007,0.474,3.590,-1.583,2.302,,,,,,
1790569183.107,0.474,3.356,-1.558,2.365,,,,,,
1790569183.207,0.480,3.117,-1.537,2.411,,,,,,
1790569183.307,0.494,2.874,-1.488,2.446,,,,,,
1790569183.407,0.525,2.628,-1.413,2.458,,,,,,
1790569183.507,0.575,2.389,-1.316,2.450,,,,,,
1790569183.607,0.651,2.162,-1.192,2.364,,,,,,
1790569183.707,0.753,1.949,-1.075,2.359,,,,,,
1790569183.807,0.877,1.749,-0.959,2.287,,,,,,
1790569183.907,1.018,1.579,-0.805,2.189,,,,,,
1790569184.007,1.179,1.444,-0.604,2.027,,,,,,
1790569184.107,1.353,1.348,-0.436,1.989,,,,,,
1790569184.207,1.545,1.275,-0.305,2.121,,,,,,
1790569184.307,1.757,1.223,-0.190,2.229,,,,,,
1790569184.407,1.983,1.193,-0.092,2.310,,,,,,
1790569184.507,2.217,1.180,-0.031,2.370,,,,,,
1790569184.607,2.457,1.177,0.005,2.416,,,,,,
1790569184.707,2.700,1.182,0.027,2.449,,,,,,
1790569184.807,2.946,1.191,0.045,2.475,,,,,,
1790569184.907,3.194,1.195,-0.027,2.494,,,,,,
1790569185.007,3.443,1.171,-0.160,2.504,,,,,,
1790569185.107,3.686,1.117,-0.256,2.439,,,,,,
1790569185.208,3.912,1.054,-0.277,2.295,,,,,,
1790569185.307,4.124,0.995,-0.257,2.112,,,,,,
1790569185.407,4.318,0.952,-0.183,1.878,,,,,,
1790569185.507,4.493,0.926,-0.118,1.682,,,,,,
1790569185.607,4.650,0.910,-0.087,1.489,,,,,,
1790569185.707,4.788,0.900,-0.066,1.304,,,,,,
1790569185.807,4.908,0.893,-0.056,1.124,,,,,,
1790569185.907,5.011,0.888,-0.045,0.952,,,,,,
1790569186.007,5.097,0.884,-0.039,0.788,,,,,,
1790569186.107,5.168,0.882,-0.031,0.655,,,,,,
1790569186.207,5.221,0.880,-0.027,0.428,,,,,,
1790569186.307,5.253,0.879,-0.027,0.238,,,,,,
1790569186.407,5.267,0.879,-0.027,0.067,,,,,,
1790569186.507,5.265,0.879,-0.027,-0.065,,,,,,
1790569186.608,5.265,0.879,-0.027,0.000,,,,,,
1790569186.707,5.265,0.879,-0.027,0.000,,,,,,
1790569186.807,5.265,0.879,-0.027,0.000,,,,,,
1790569186.907,5.265,0.879,-0.027,0.000,,,,,,
1790569187.007,5.265,0.879,-0.027,0.000,,,,,,
1790569187.107,5.265,0.879,-0.027,0.000,,,,,,
